Name,Rating,Notes
Garden and Guns,5,"the sauce though!  so much great beef
"
garden and gun3,5,outside and meat
Grindhouse,4,Love the look in West midtown.  upstairs is great.  Not dog friendly as the couple seats are in heat.
Lucky's Burger & Brew,5,Paid advertiser on the map
Mobay Spice Atlanta,5,Paid advertiser on the map
Garden and Gun Club,5,Paid advertiser3 on the map
No Idea Burger Joint,2,"COOL ATMOSPHRE, FRIES WERE SOGGY.  SASSY WAITRESS"
Garden and Gun,4,"great place.  had on patior
"
